trial_id,stage_num,rep_num,trial_num,chat_prompt,model_logprobs,target
1585,1,1,1,"[{'role': 'user', 'content': ""describer: hi\nmatcher: hello\ndescriber: looking for a diamond at the top, triangle pointing towards the left\ndescriber: close to a person praying on their knees\nmatcher: is there a triangle pointing right as well?\ndescriber: there's a triangle on the right also. just below the diamond and to the right\ndescriber: could also be seen as a mouse in silhouette\nmatcher: anything happening at the bottom?\ndescriber: like a mountain - we've got 72 of these to get through\nmatcher: 72? oops.\n""}]","{'K': -1.27580726146698, 'L': -1.90080726146698, 'G': -2.1508073806762695, 'J': -2.1508073806762695, 'H': -2.4008073806762695, 'F': -2.7758071422576904, 'C': -3.1508073806762695, 'I': -3.2758073806762695, 'B': -3.4008073806762695, 'D': -3.6508073806762695, 'A': -3.9008073806762695, 'E': -3.9008073806762695}",B
1586,1,1,2,"[{'role': 'user', 'content': 'describer: awesome. this one looks like a seal\n'}]","{'F': -1.5337775945663452, 'E': -1.6587775945663452, 'B': -2.0337774753570557, 'L': -2.2837774753570557, 'H': -2.4087777137756348, 'G': -2.7837774753570557, 'C': -3.0337777137756348, 'J': -3.2837777137756348, 'D': -3.4087774753570557, 'I': -3.4087774753570557, 'A': -3.5337777137756348, 'K': -3.7837777137756348}",G
1587,1,1,3,"[{'role': 'user', 'content': 'describer: this one looks like a small dog balancing a ball on its nose\n'}]","{'G': -0.9064154028892517, 'L': -2.0314152240753174, 'K': -2.1564154624938965, 'F': -2.5314154624938965, 'H': -2.5314154624938965, 'C': -2.7814152240753174, 'B': -3.5314154624938965, 'J': -3.6564154624938965, 'E': -4.0314154624938965, 'I': -4.0314154624938965, 'A': -4.1564154624938965, 'D': -4.1564154624938965}",K
1588,1,1,4,"[{'role': 'user', 'content': 'describer: this looks like one of the spy vs spy guys looking down and walking with a flag on his right shoulder.\n'}]","{'D': -1.7244610786437988, 'A': -1.8494611978530884, 'B': -2.099461078643799, 'C': -2.224461078643799, 'L': -2.349461078643799, 'H': -2.474461078643799, 'K': -2.849461078643799, 'F': -2.974461078643799, 'I': -3.099461078643799, 'G': -3.349461317062378, 'J': -3.474461317062378, 'E': -3.599461078643799}",A
1589,1,1,5,"[{'role': 'user', 'content': 'describer: nice. this is a diamond on top of what looks like a state - top of state is a straight line\n'}]","{'J': -1.485226035118103, 'K': -1.6102261543273926, 'L': -1.860226035118103, 'H': -1.985226035118103, 'F': -2.8602261543273926, 'G': -2.9852261543273926, 'D': -3.1102261543273926, 'C': -3.3602259159088135, 'I': -3.4852261543273926, 'B': -3.6102261543273926, 'A': -3.8602261543273926, 'E': -4.610226154327393}",J
1590,1,1,6,"[{'role': 'user', 'content': 'describer: ok, could be a bow or bunny ears in profile on top of a lightning bolt\n'}]","{'B': -2.052990674972534, 'K': -2.052990674972534, 'L': -2.052990674972534, 'H': -2.302990674972534, 'C': -2.427990674972534, 'G': -2.677990674972534, 'I': -2.677990674972534, 'D': -2.802990674972534, 'J': -2.802990674972534, 'A': -2.927990674972534, 'E': -2.927990674972534, 'F': -2.927990674972534}",E
1591,1,1,7,"[{'role': 'user', 'content': 'describer: the other possible diamond/state combo. state looks like indiana\n'}]","{'L': -1.604030728340149, 'K': -1.8540306091308594, 'H': -2.1040306091308594, 'G': -2.3540306091308594, 'C': -2.4790306091308594, 'J': -2.6040306091308594, 'F': -2.7290306091308594, 'D': -2.8540306091308594, 'B': -2.9790306091308594, 'I': -3.3540308475494385, 'A': -3.4790306091308594, 'E': -3.8540306091308594}",H
1592,1,1,8,"[{'role': 'user', 'content': 'describer: person ice skating with leg out and arms out in front\n'}]","{'A': -0.9841099381446838, 'I': -1.984109878540039, 'B': -2.109109878540039, 'C': -2.234109878540039, 'D': -3.109109878540039, 'L': -3.109109878540039, 'E': -3.234110116958618, 'G': -3.234110116958618, 'F': -3.359110116958618, 'K': -3.609109878540039, 'H': -4.109109878540039, 'J': -4.734109878540039}",I
1593,1,1,9,"[{'role': 'user', 'content': 'describer: preacher with hands up in air\ndescriber: air\n'}]","{'C': -1.7716240882873535, 'K': -1.8966240882873535, 'L': -1.8966240882873535, 'D': -2.5216240882873535, 'G': -2.5216240882873535, 'F': -2.6466240882873535, 'H': -2.6466240882873535, 'A': -2.7716238498687744, 'B': -2.8966240882873535, 'I': -3.0216240882873535, 'E': -3.6466240882873535, 'J': -3.6466240882873535}",C
1594,1,1,10,"[{'role': 'user', 'content': 'describer: graduate giving speech at lectern, in profile\nmatcher: pointing a direction?\ndescriber: the lectern is pointing to the left\n'}]","{'D': -1.8849010467529297, 'H': -2.0099010467529297, 'L': -2.0099010467529297, 'J': -2.2599010467529297, 'C': -2.3849010467529297, 'K': -2.5099010467529297, 'A': -2.6349008083343506, 'F': -2.7599010467529297, 'B': -2.8849008083343506, 'I': -3.1349010467529297, 'G': -3.2599010467529297, 'E': -3.7599010467529297}",D
1595,1,1,11,"[{'role': 'user', 'content': 'describer: looks like shadow of a person on their knees facing right\ndescriber: bottom half makes lightning bolt\n'}]","{'F': -0.2987164258956909, 'G': -2.7987165451049805, 'E': -2.9237163066864014, 'B': -3.1737163066864014, 'L': -3.4237163066864014, 'C': -3.9237165451049805, 'H': -4.2987165451049805, 'I': -4.5487165451049805, 'A': -4.7987165451049805, 'D': -5.0487165451049805, 'K': -5.4237165451049805, 'J': -5.5487165451049805}",L
1596,1,1,12,"[{'role': 'user', 'content': 'describer: same graduate sitting down with knees up and feet on ground. facing left\ndescriber: looking down at feet\n'}]","{'F': -0.12336914986371994, 'B': -3.6233692169189453, 'L': -3.8733692169189453, 'E': -3.9983692169189453, 'G': -3.9983692169189453, 'C': -4.873369216918945, 'D': -5.373369216918945, 'H': -5.373369216918945, 'J': -5.498369216918945, 'A': -5.623369216918945, 'I': -5.623369216918945, 'K': -6.373369216918945}",F
1597,1,2,13,"[{'role': 'user', 'content': 'describer: first diamond on top of state shape again\ndescriber: straight line on top\n'}]","{'J': -1.5698953866958618, 'K': -1.6948953866958618, 'L': -1.6948953866958618, 'H': -1.8198953866958618, 'F': -2.8198952674865723, 'D': -3.0698952674865723, 'G': -3.3198955059051514, 'I': -3.3198955059051514, 'C': -3.5698952674865723, 'A': -3.8198955059051514, 'B': -3.9448955059051514, 'E': -4.694895267486572}",J
1598,1,2,14,"[{'role': 'user', 'content': 'describer: graduate sitting and looking down from 2 questions ago\n'}]","{'F': -0.49365824460983276, 'L': -2.3686583042144775, 'G': -2.7436583042144775, 'H': -3.1186583042144775, 'B': -3.2436583042144775, 'J': -3.6186583042144775, 'K': -3.6186583042144775, 'E': -3.7436583042144775, 'C': -3.8686583042144775, 'I': -3.9936583042144775, 'D': -4.118658542633057, 'A': -4.493658065795898}",F
1599,1,2,15,"[{'role': 'user', 'content': 'describer: spy vs spy\n'}]","{'A': -1.6252071857452393, 'B': -2.0002071857452393, 'C': -2.2502071857452393, 'D': -2.3752071857452393, 'L': -2.5002071857452393, 'I': -2.62520694732666, 'H': -2.7502071857452393, 'F': -2.8752071857452393, 'G': -2.8752071857452393, 'E': -3.0002071857452393, 'K': -3.0002071857452393, 'J': -3.6252071857452393}",A
1600,1,2,16,"[{'role': 'user', 'content': 'describer: graduate at lectern\nmatcher: left?\ndescriber: yes\n'}]","{'J': -1.005942702293396, 'H': -1.880942702293396, 'L': -1.880942702293396, 'D': -2.6309425830841064, 'K': -2.7559428215026855, 'F': -2.8809425830841064, 'I': -3.3809428215026855, 'A': -3.6309425830841064, 'B': -3.8809425830841064, 'C': -3.8809425830841064, 'G': -3.8809425830841064, 'E': -4.7559428215026855}",D
1601,1,2,17,"[{'role': 'user', 'content': 'describer: rabbit ears lightning bolt base looking right\n'}]","{'B': -1.8926634788513184, 'C': -2.1426634788513184, 'G': -2.2676634788513184, 'L': -2.2676634788513184, 'H': -2.3926634788513184, 'A': -2.5176634788513184, 'K': -2.6426634788513184, 'D': -2.7676634788513184, 'F': -2.7676634788513184, 'I': -2.7676634788513184, 'E': -2.8926632404327393, 'J': -3.5176634788513184}",E
1602,1,2,18,"[{'role': 'user', 'content': 'describer: seal with ball - diamond on left strange hook shape on right\n'}]","{'K': -1.6834660768508911, 'L': -1.8084661960601807, 'H': -2.1834661960601807, 'G': -2.3084659576416016, 'C': -2.4334659576416016, 'B': -2.5584661960601807, 'F': -2.8084661960601807, 'D': -2.9334659576416016, 'J': -2.9334659576416016, 'I': -3.1834661960601807, 'A': -3.4334661960601807, 'E': -3.6834661960601807}",G
1603,1,2,19,"[{'role': 'user', 'content': 'describer: mouse from beginning\ndescriber: mountain base\n'}]","{'E': -0.7304027676582336, 'F': -2.730402708053589, 'H': -2.730402708053589, 'B': -2.855402708053589, 'A': -2.980402708053589, 'C': -2.980402708053589, 'I': -2.980402708053589, 'G': -3.105402946472168, 'K': -3.230402708053589, 'L': -3.230402708053589, 'D': -3.480402708053589, 'J': -3.980402708053589}",B
1604,1,2,20,"[{'role': 'user', 'content': 'describer: indiana with diamond in top\n'}]","{'J': -0.8101029992103577, 'L': -1.435102939605713, 'K': -2.185103178024292, 'H': -2.310102939605713, 'F': -3.310102939605713, 'I': -3.935103178024292, 'G': -4.185102939605713, 'D': -4.435102939605713, 'B': -5.185102939605713, 'A': -5.310102939605713, 'C': -5.310102939605713, 'E': -6.060102939605713}",H
1605,1,2,21,"[{'role': 'user', 'content': 'describer: preacher\n'}]","{'D': -1.7504408359527588, 'H': -1.7504408359527588, 'L': -1.8754409551620483, 'J': -2.250440835952759, 'A': -2.625440835952759, 'F': -2.750440835952759, 'K': -2.750440835952759, 'C': -3.000440835952759, 'B': -3.125440835952759, 'I': -3.125440835952759, 'G': -3.500440835952759, 'E': -4.125441074371338}",C
1606,1,2,22,"[{'role': 'user', 'content': 'describer: dog with ball\n'}]","{'G': -1.2701669931411743, 'L': -1.8951668739318848, 'K': -2.145167112350464, 'H': -2.3951668739318848, 'F': -2.5201668739318848, 'C': -2.7701668739318848, 'B': -3.020167112350464, 'J': -3.270167112350464, 'E': -3.3951668739318848, 'A': -3.520167112350464, 'D': -3.520167112350464, 'I': -3.520167112350464}",K
1607,1,2,23,"[{'role': 'user', 'content': 'describer: shadow person lighting bolt base\n'}]","{'B': -1.4918835163116455, 'C': -1.8668835163116455, 'A': -1.9918835163116455, 'D': -2.2418835163116455, 'I': -2.6168835163116455, 'E': -2.7418835163116455, 'F': -2.9918835163116455, 'G': -2.9918835163116455, 'H': -3.1168835163116455, 'L': -3.2418837547302246, 'K': -3.3668835163116455, 'J': -4.116883754730225}",L
1608,1,2,24,"[{'role': 'user', 'content': 'describer: ice skater\n'}]","{'A': -0.5250543355941772, 'I': -2.150054454803467, 'D': -2.900054454803467, 'B': -3.025054454803467, 'C': -3.025054454803467, 'L': -3.275054454803467, 'E': -3.650054454803467, 'F': -4.025054454803467, 'K': -4.025054454803467, 'G': -4.275054454803467, 'H': -4.275054454803467, 'J': -4.900054454803467}",I
1609,1,3,25,"[{'role': 'user', 'content': 'describer: mouse\ndescriber: repeat mouse mountain base\n'}]","{'E': -0.785744845867157, 'I': -2.5357449054718018, 'H': -2.6607446670532227, 'B': -2.9107449054718018, 'F': -2.9107449054718018, 'K': -2.9107449054718018, 'G': -3.0357449054718018, 'A': -3.1607449054718018, 'C': -3.1607449054718018, 'L': -3.1607449054718018, 'D': -3.6607449054718018, 'J': -3.6607449054718018}",B
1610,1,3,26,"[{'role': 'user', 'content': 'describer: state with flat top diamond\n'}]","{'J': -1.1713361740112305, 'K': -1.5463361740112305, 'L': -1.9213361740112305, 'H': -2.1713361740112305, 'F': -3.0463361740112305, 'D': -3.2963361740112305, 'G': -3.2963361740112305, 'I': -3.6713361740112305, 'C': -3.7963361740112305, 'A': -4.0463361740112305, 'B': -4.0463361740112305, 'E': -5.0463361740112305}",J
1611,1,3,27,"[{'role': 'user', 'content': 'describer: dog with ball\n'}]","{'G': -1.2701669931411743, 'L': -1.8951668739318848, 'K': -2.145167112350464, 'H': -2.3951668739318848, 'F': -2.5201668739318848, 'C': -2.7701668739318848, 'B': -3.020167112350464, 'J': -3.270167112350464, 'E': -3.3951668739318848, 'A': -3.520167112350464, 'D': -3.520167112350464, 'I': -3.520167112350464}",K
1612,1,3,28,"[{'role': 'user', 'content': 'describer: shadow person lightning bolt base\n'}]","{'B': -1.5564403533935547, 'A': -1.8064403533935547, 'C': -1.8064403533935547, 'D': -2.3064403533935547, 'I': -2.5564401149749756, 'E': -2.9314403533935547, 'G': -3.0564403533935547, 'H': -3.0564403533935547, 'F': -3.1814403533935547, 'K': -3.3064403533935547, 'L': -3.3064403533935547, 'J': -4.181440353393555}",L
1613,1,3,29,"[{'role': 'user', 'content': 'describer: grad at lectern\n'}]","{'J': -0.9725841283798218, 'H': -1.9725840091705322, 'D': -2.2225842475891113, 'L': -2.5975842475891113, 'F': -2.8475842475891113, 'I': -3.0975842475891113, 'K': -3.0975842475891113, 'B': -3.2225842475891113, 'A': -3.3475842475891113, 'C': -3.4725842475891113, 'G': -3.7225842475891113, 'E': -4.222584247589111}",D
1614,1,3,30,"[{'role': 'user', 'content': 'describer: spy\n'}]","{'A': -1.7725080251693726, 'D': -2.022507905960083, 'B': -2.147507905960083, 'C': -2.147507905960083, 'L': -2.397507905960083, 'H': -2.647507905960083, 'I': -2.772507905960083, 'F': -2.897507905960083, 'G': -2.897507905960083, 'K': -3.022507905960083, 'E': -3.272507905960083, 'J': -3.397508144378662}",A
1615,1,3,31,"[{'role': 'user', 'content': 'describer: sitting grad pointed left\n'}]","{'F': -0.30062335729599, 'G': -2.9256234169006348, 'B': -3.1756234169006348, 'E': -3.3006234169006348, 'L': -3.3006234169006348, 'C': -3.9256234169006348, 'H': -3.9256234169006348, 'I': -4.425623416900635, 'J': -4.425623416900635, 'D': -4.550623416900635, 'A': -4.800623416900635, 'K': -5.175623416900635}",F
1616,1,3,32,"[{'role': 'user', 'content': 'describer: seal with ball\n'}]","{'L': -1.6885350942611694, 'K': -2.06353497505188, 'H': -2.18853497505188, 'G': -2.31353497505188, 'F': -2.43853497505188, 'B': -2.56353497505188, 'J': -2.56353497505188, 'C': -2.93853497505188, 'D': -3.06353497505188, 'I': -3.06353497505188, 'E': -3.18853497505188, 'A': -3.313535213470459}",G
1617,1,3,33,"[{'role': 'user', 'content': 'describer: preacher\n'}]","{'D': -1.7504408359527588, 'H': -1.7504408359527588, 'L': -1.8754409551620483, 'J': -2.250440835952759, 'A': -2.625440835952759, 'F': -2.750440835952759, 'K': -2.750440835952759, 'C': -3.000440835952759, 'B': -3.125440835952759, 'I': -3.125440835952759, 'G': -3.500440835952759, 'E': -4.125441074371338}",C
1618,1,3,34,"[{'role': 'user', 'content': 'describer: rabbit ears lightning base\n'}]","{'B': -2.127514362335205, 'L': -2.127514362335205, 'G': -2.252514362335205, 'H': -2.252514362335205, 'C': -2.377514362335205, 'K': -2.377514362335205, 'A': -2.627514362335205, 'E': -2.752514362335205, 'I': -2.752514362335205, 'D': -2.877514362335205, 'F': -2.877514362335205, 'J': -3.127514123916626}",E
1619,1,3,35,"[{'role': 'user', 'content': 'describer: indiana diamond\n'}]","{'L': -1.6233714818954468, 'J': -1.7483714818954468, 'H': -2.1233713626861572, 'K': -2.2483713626861572, 'I': -2.6233713626861572, 'D': -2.7483713626861572, 'F': -2.8733713626861572, 'B': -2.9983713626861572, 'A': -3.1233713626861572, 'G': -3.1233713626861572, 'C': -3.2483716011047363, 'E': -3.7483713626861572}",H
1620,1,3,36,"[{'role': 'user', 'content': 'describer: skate\n'}]","{'A': -1.3412998914718628, 'B': -2.0912997722625732, 'C': -2.0912997722625732, 'D': -2.3412997722625732, 'I': -2.4663000106811523, 'L': -2.7163000106811523, 'F': -2.9663000106811523, 'E': -3.0913000106811523, 'G': -3.0913000106811523, 'H': -3.0913000106811523, 'K': -3.4662997722625732, 'J': -4.091300010681152}",I
1621,1,4,37,"[{'role': 'user', 'content': 'describer: dog with ball\n'}]","{'G': -1.2701669931411743, 'L': -1.8951668739318848, 'K': -2.145167112350464, 'H': -2.3951668739318848, 'F': -2.5201668739318848, 'C': -2.7701668739318848, 'B': -3.020167112350464, 'J': -3.270167112350464, 'E': -3.3951668739318848, 'A': -3.520167112350464, 'D': -3.520167112350464, 'I': -3.520167112350464}",K
1622,1,4,38,"[{'role': 'user', 'content': 'describer: shadow lightning bolt\n'}]","{'B': -1.443718671798706, 'C': -1.943718671798706, 'A': -2.318718671798706, 'E': -2.443718671798706, 'I': -2.443718671798706, 'D': -2.693718671798706, 'F': -2.943718671798706, 'G': -2.943718671798706, 'H': -2.943718671798706, 'L': -2.943718671798706, 'K': -3.193718910217285, 'J': -3.818718910217285}",L
1623,1,4,39,"[{'role': 'user', 'content': 'describer: skate\n'}]","{'A': -1.3779207468032837, 'B': -2.127920627593994, 'C': -2.127920627593994, 'D': -2.377920627593994, 'I': -2.377920627593994, 'L': -2.7529208660125732, 'F': -2.877920627593994, 'E': -3.0029208660125732, 'G': -3.0029208660125732, 'H': -3.1279208660125732, 'K': -3.3779208660125732, 'J': -4.002920627593994}",I
1624,1,4,40,"[{'role': 'user', 'content': 'describer: rabbit ears\n'}]","{'L': -1.9454147815704346, 'G': -2.0704147815704346, 'K': -2.1954147815704346, 'H': -2.3204147815704346, 'B': -2.4454147815704346, 'C': -2.4454147815704346, 'A': -2.6954147815704346, 'F': -2.8204147815704346, 'J': -2.8204147815704346, 'D': -2.9454145431518555, 'I': -2.9454145431518555, 'E': -3.0704147815704346}",E
1625,1,4,41,"[{'role': 'user', 'content': 'describer: diamond flat top state\n'}]","{'J': -1.4756006002426147, 'H': -1.9756004810333252, 'K': -1.9756004810333252, 'L': -1.9756004810333252, 'D': -2.600600481033325, 'F': -2.850600481033325, 'G': -2.975600481033325, 'C': -3.1006007194519043, 'B': -3.225600481033325, 'A': -3.350600481033325, 'I': -3.350600481033325, 'E': -4.475600719451904}",J
1626,1,4,42,"[{'role': 'user', 'content': 'describer: grad lectern\n'}]","{'J': -1.6507420539855957, 'H': -1.7757420539855957, 'D': -2.0257420539855957, 'L': -2.5257420539855957, 'A': -2.7757420539855957, 'B': -2.7757420539855957, 'F': -2.7757420539855957, 'K': -2.7757420539855957, 'C': -2.9007420539855957, 'I': -3.0257420539855957, 'G': -3.2757420539855957, 'E': -3.6507420539855957}",D
1627,1,4,43,"[{'role': 'user', 'content': 'describer: sitting grad\n'}]","{'F': -0.1924276053905487, 'G': -3.317427635192871, 'L': -3.442427635192871, 'B': -3.692427635192871, 'E': -3.692427635192871, 'C': -4.442427635192871, 'H': -4.442427635192871, 'I': -4.817427635192871, 'J': -4.942427635192871, 'D': -5.067427635192871, 'A': -5.192427635192871, 'K': -5.442427635192871}",F
1628,1,4,44,"[{'role': 'user', 'content': 'describer: preacher\n'}]","{'H': -1.6916142702102661, 'D': -1.8166143894195557, 'L': -1.9416143894195557, 'J': -2.1916143894195557, 'A': -2.5666143894195557, 'K': -2.6916141510009766, 'F': -2.8166143894195557, 'C': -3.0666143894195557, 'I': -3.0666143894195557, 'B': -3.1916143894195557, 'G': -3.4416143894195557, 'E': -4.066614151000977}",C
1629,1,4,45,"[{'role': 'user', 'content': 'describer: spy\n'}]","{'A': -1.8126354217529297, 'D': -2.0626354217529297, 'B': -2.1876354217529297, 'C': -2.1876354217529297, 'L': -2.3126354217529297, 'H': -2.5626354217529297, 'F': -2.8126354217529297, 'I': -2.8126354217529297, 'G': -2.9376354217529297, 'K': -2.9376354217529297, 'E': -3.1876354217529297, 'J': -3.4376354217529297}",A
1630,1,4,46,"[{'role': 'user', 'content': 'describer: seal\n'}]","{'B': -2.012615442276001, 'E': -2.012615442276001, 'H': -2.012615442276001, 'F': -2.262615442276001, 'L': -2.262615442276001, 'G': -2.637615442276001, 'C': -2.762615442276001, 'D': -2.762615442276001, 'A': -2.887615442276001, 'I': -3.012615203857422, 'J': -3.137615442276001, 'K': -3.262615442276001}",G
1631,1,4,47,"[{'role': 'user', 'content': 'describer: mouse\n'}]","{'G': -1.9303669929504395, 'F': -2.0553669929504395, 'L': -2.0553669929504395, 'B': -2.3053669929504395, 'C': -2.4303669929504395, 'E': -2.5553669929504395, 'H': -2.5553669929504395, 'A': -2.8053672313690186, 'I': -2.9303669929504395, 'K': -2.9303669929504395, 'D': -3.0553672313690186, 'J': -3.4303669929504395}",B
1632,1,4,48,"[{'role': 'user', 'content': 'describer: indiana diamond\n'}]","{'L': -1.6232943534851074, 'J': -1.7482943534851074, 'H': -2.1232943534851074, 'K': -2.2482943534851074, 'I': -2.6232943534851074, 'D': -2.7482943534851074, 'F': -2.8732943534851074, 'B': -2.9982943534851074, 'A': -3.1232943534851074, 'G': -3.1232943534851074, 'C': -3.2482945919036865, 'E': -3.7482943534851074}",H
1633,1,5,49,"[{'role': 'user', 'content': 'describer: skate\n'}]","{'A': -1.3779207468032837, 'B': -2.127920627593994, 'C': -2.127920627593994, 'D': -2.377920627593994, 'I': -2.377920627593994, 'L': -2.7529208660125732, 'F': -2.877920627593994, 'E': -3.0029208660125732, 'G': -3.0029208660125732, 'H': -3.1279208660125732, 'K': -3.3779208660125732, 'J': -4.002920627593994}",I
1634,1,5,50,"[{'role': 'user', 'content': 'describer: spy\n'}]","{'A': -1.8126354217529297, 'D': -2.0626354217529297, 'B': -2.1876354217529297, 'C': -2.1876354217529297, 'L': -2.3126354217529297, 'H': -2.5626354217529297, 'F': -2.8126354217529297, 'I': -2.8126354217529297, 'G': -2.9376354217529297, 'K': -2.9376354217529297, 'E': -3.1876354217529297, 'J': -3.4376354217529297}",A
1635,1,5,51,"[{'role': 'user', 'content': 'describer: shadow lightning bolt\n'}]","{'B': -1.3702921867370605, 'C': -1.995292067527771, 'A': -2.3702919483184814, 'E': -2.4952921867370605, 'I': -2.4952921867370605, 'D': -2.7452921867370605, 'G': -2.8702921867370605, 'H': -2.8702921867370605, 'L': -2.8702921867370605, 'F': -2.9952921867370605, 'K': -3.2452921867370605, 'J': -3.8702921867370605}",L
1636,1,5,52,"[{'role': 'user', 'content': 'describer: seal\n'}]","{'B': -2.012615442276001, 'E': -2.012615442276001, 'H': -2.012615442276001, 'F': -2.262615442276001, 'L': -2.262615442276001, 'G': -2.637615442276001, 'C': -2.762615442276001, 'D': -2.762615442276001, 'A': -2.887615442276001, 'I': -3.012615203857422, 'J': -3.137615442276001, 'K': -3.262615442276001}",G
1637,1,5,53,"[{'role': 'user', 'content': 'describer: indiana diamond\n'}]","{'L': -1.6232943534851074, 'J': -1.7482943534851074, 'H': -2.1232943534851074, 'K': -2.2482943534851074, 'I': -2.6232943534851074, 'D': -2.7482943534851074, 'F': -2.8732943534851074, 'B': -2.9982943534851074, 'A': -3.1232943534851074, 'G': -3.1232943534851074, 'C': -3.2482945919036865, 'E': -3.7482943534851074}",H
1638,1,5,54,"[{'role': 'user', 'content': 'describer: flat top state diamond\n'}]","{'J': -1.6811497211456299, 'K': -1.6811497211456299, 'L': -1.8061497211456299, 'H': -2.05614972114563, 'D': -2.80614972114563, 'F': -2.80614972114563, 'G': -2.93114972114563, 'C': -3.18114972114563, 'I': -3.30614972114563, 'A': -3.43114972114563, 'B': -3.43114972114563, 'E': -4.431149959564209}",J
1639,1,5,55,"[{'role': 'user', 'content': 'describer: sitting grad\n'}]","{'F': -0.1924276053905487, 'G': -3.317427635192871, 'L': -3.442427635192871, 'B': -3.692427635192871, 'E': -3.692427635192871, 'C': -4.442427635192871, 'H': -4.442427635192871, 'I': -4.817427635192871, 'J': -4.942427635192871, 'D': -5.067427635192871, 'A': -5.192427635192871, 'K': -5.442427635192871}",F
1640,1,5,56,"[{'role': 'user', 'content': 'describer: preacher\n'}]","{'H': -1.6916142702102661, 'D': -1.8166143894195557, 'L': -1.9416143894195557, 'J': -2.1916143894195557, 'A': -2.5666143894195557, 'K': -2.6916141510009766, 'F': -2.8166143894195557, 'C': -3.0666143894195557, 'I': -3.0666143894195557, 'B': -3.1916143894195557, 'G': -3.4416143894195557, 'E': -4.066614151000977}",C
1641,1,5,57,"[{'role': 'user', 'content': 'describer: mouse\n'}]","{'G': -1.9735417366027832, 'F': -2.098541736602783, 'L': -2.098541736602783, 'B': -2.348541498184204, 'C': -2.348541498184204, 'E': -2.473541736602783, 'H': -2.473541736602783, 'A': -2.848541736602783, 'K': -2.848541736602783, 'I': -2.973541498184204, 'D': -3.098541736602783, 'J': -3.348541736602783}",B
1642,1,5,58,"[{'role': 'user', 'content': 'describer: grad lectern\n'}]","{'J': -1.696868896484375, 'H': -1.8218687772750854, 'D': -1.946868896484375, 'L': -2.571868896484375, 'B': -2.696868658065796, 'K': -2.696868658065796, 'A': -2.821868896484375, 'C': -2.821868896484375, 'F': -2.821868896484375, 'I': -3.071868896484375, 'G': -3.196868896484375, 'E': -3.696868896484375}",D
1643,1,5,59,"[{'role': 'user', 'content': 'describer: dog ball\ndescriber: diamond on nose dog on hind legs\n'}]","{'G': -1.5074323415756226, 'F': -2.007432222366333, 'H': -2.132432222366333, 'L': -2.257432222366333, 'C': -2.507432222366333, 'K': -2.507432222366333, 'B': -2.882432222366333, 'E': -2.882432222366333, 'D': -3.257432460784912, 'I': -3.257432460784912, 'A': -3.382432222366333, 'J': -3.507432222366333}",K
1644,1,5,60,"[{'role': 'user', 'content': 'describer: rabbit ears\n'}]","{'G': -2.0269205570220947, 'L': -2.0269205570220947, 'K': -2.1519205570220947, 'H': -2.2769205570220947, 'B': -2.4019205570220947, 'C': -2.4019205570220947, 'A': -2.6519203186035156, 'F': -2.7769205570220947, 'J': -2.9019205570220947, 'D': -3.0269203186035156, 'I': -3.0269203186035156, 'E': -3.1519205570220947}",E
1645,1,6,61,"[{'role': 'user', 'content': 'describer: indiana\n'}]","{'L': -1.6991591453552246, 'H': -2.1991591453552246, 'B': -2.3241591453552246, 'I': -2.3241591453552246, 'A': -2.4491591453552246, 'D': -2.4491591453552246, 'F': -2.6991591453552246, 'C': -2.8241593837738037, 'J': -2.9491591453552246, 'K': -2.9491591453552246, 'E': -3.0741591453552246, 'G': -3.0741591453552246}",H
1646,1,6,62,"[{'role': 'user', 'content': 'describer: shadow lightning\n'}]","{'B': -1.8588228225708008, 'A': -2.108822822570801, 'C': -2.233822822570801, 'L': -2.358822822570801, 'D': -2.483822822570801, 'H': -2.483822822570801, 'I': -2.483822822570801, 'E': -2.733822822570801, 'F': -2.858822822570801, 'K': -2.858822822570801, 'G': -2.983822822570801, 'J': -3.483822822570801}",L
1647,1,6,63,"[{'role': 'user', 'content': 'describer: sitting grad\ndescriber: grad\n'}]","{'F': -0.3352329730987549, 'L': -2.835232973098755, 'G': -2.960232973098755, 'B': -3.335232973098755, 'E': -3.460232973098755, 'H': -3.585232973098755, 'C': -4.085232734680176, 'D': -4.335232734680176, 'J': -4.335232734680176, 'I': -4.460232734680176, 'K': -4.460232734680176, 'A': -4.585232734680176}",F
1648,1,6,64,"[{'role': 'user', 'content': 'describer: dog and ball -\n'}]","{'G': -1.1723575592041016, 'L': -1.9223575592041016, 'H': -2.2973575592041016, 'K': -2.2973575592041016, 'F': -2.5473575592041016, 'C': -2.6723575592041016, 'B': -3.1723575592041016, 'E': -3.2973575592041016, 'J': -3.4223575592041016, 'I': -3.5473575592041016, 'D': -3.6723575592041016, 'A': -3.7973575592041016}",K
1649,1,6,65,"[{'role': 'user', 'content': 'describer: seal\n'}]","{'B': -1.991673469543457, 'E': -1.991673469543457, 'H': -1.991673469543457, 'F': -2.241673469543457, 'L': -2.366673469543457, 'C': -2.741673469543457, 'D': -2.741673469543457, 'G': -2.741673469543457, 'A': -2.866673469543457, 'I': -2.991673469543457, 'J': -3.116673469543457, 'K': -3.241673469543457}",G
1650,1,6,66,"[{'role': 'user', 'content': 'describer: flat top diamond\n'}]","{'J': -1.7563637495040894, 'K': -1.7563637495040894, 'L': -1.8813637495040894, 'H': -2.0063636302948, 'D': -2.7563636302948, 'F': -2.7563636302948, 'G': -2.881363868713379, 'C': -3.0063636302948, 'A': -3.256363868713379, 'B': -3.256363868713379, 'I': -3.256363868713379, 'E': -4.381363868713379}",J
1651,1,6,67,"[{'role': 'user', 'content': 'describer: skate\n'}]","{'A': -1.426957607269287, 'B': -2.051957607269287, 'C': -2.051957607269287, 'D': -2.301957607269287, 'I': -2.426957607269287, 'L': -2.801957607269287, 'F': -2.926957607269287, 'E': -3.051957607269287, 'G': -3.051957607269287, 'H': -3.051957607269287, 'K': -3.426957607269287, 'J': -4.051957607269287}",I
1652,1,6,68,"[{'role': 'user', 'content': 'describer: rabbit ears\n'}]","{'G': -2.0185840129852295, 'L': -2.0185840129852295, 'K': -2.1435840129852295, 'H': -2.2685840129852295, 'B': -2.3935837745666504, 'C': -2.3935837745666504, 'A': -2.7685837745666504, 'F': -2.7685837745666504, 'J': -2.8935840129852295, 'D': -3.0185837745666504, 'I': -3.0185837745666504, 'E': -3.1435840129852295}",E
1653,1,6,69,"[{'role': 'user', 'content': 'describer: grad lectern\n'}]","{'J': -1.6244995594024658, 'H': -1.7494996786117554, 'D': -1.9994995594024658, 'L': -2.624499559402466, 'B': -2.749499797821045, 'F': -2.749499797821045, 'K': -2.749499797821045, 'A': -2.874499559402466, 'C': -2.874499559402466, 'I': -3.124499559402466, 'G': -3.249499797821045, 'E': -3.749499559402466}",D
1654,1,6,70,"[{'role': 'user', 'content': 'describer: preacher\n'}]","{'H': -1.6976977586746216, 'D': -1.8226977586746216, 'L': -1.9476977586746216, 'J': -2.197697639465332, 'A': -2.572697639465332, 'K': -2.697697639465332, 'F': -2.822697877883911, 'C': -2.947697639465332, 'I': -3.072697877883911, 'B': -3.197697639465332, 'G': -3.447697877883911, 'E': -4.072697639465332}",C
1655,1,6,71,"[{'role': 'user', 'content': 'describer: mouse\n'}]","{'G': -1.9304888248443604, 'F': -2.0554885864257812, 'L': -2.0554885864257812, 'B': -2.3054885864257812, 'C': -2.4304885864257812, 'E': -2.5554888248443604, 'H': -2.5554888248443604, 'A': -2.8054888248443604, 'I': -2.9304885864257812, 'K': -2.9304885864257812, 'D': -3.0554888248443604, 'J': -3.4304885864257812}",B
1656,1,6,72,"[{'role': 'user', 'content': 'describer: you did awesome!\ndescriber: spy\n'}]","{'A': -1.7790191173553467, 'D': -1.7790191173553467, 'B': -1.9040191173553467, 'C': -2.2790191173553467, 'L': -2.4040191173553467, 'H': -2.5290191173553467, 'F': -2.7790191173553467, 'G': -3.2790191173553467, 'I': -3.2790191173553467, 'E': -3.4040191173553467, 'K': -3.4040191173553467, 'J': -3.5290191173553467}",A
7102,1,1,1,"[{'role': 'user', 'content': ""matcher: hello! :-)\ndescriber: ok, so a diamond for the head and a full body with the point towards the right?\ndescriber: hello there\ndescriber: this moight be tough, but i will try my best\nmatcher: okay so like if the picture had  'hands' they would be pointing to the right?\ndescriber: point is at the bottom\ndescriber: no hands\ndescriber: almost looks like they are sitting\nmatcher: so the bottom part of the picture is pointing right and the rest of the body is straight?\ndescriber: yes, i think\n""}]","{'F': -0.4996933341026306, 'L': -2.4996933937072754, 'G': -2.6246933937072754, 'H': -2.7496933937072754, 'B': -3.1246933937072754, 'C': -3.4996933937072754, 'E': -3.4996933937072754, 'D': -3.8746933937072754, 'A': -4.374693393707275, 'J': -4.374693393707275, 'K': -4.499693393707275, 'I': -4.624693393707275}",H
7103,1,1,2,"[{'role': 'user', 'content': 'describer: awesome job\nmatcher: wohoo\ndescriber: ok, diamond is on the left side. looks like two hands on the right one on top and the other lower. the body all the way to the left\n'}]","{'B': -1.7208505868911743, 'A': -1.8458505868911743, 'G': -2.2208504676818848, 'C': -2.3458504676818848, 'K': -2.4708504676818848, 'D': -2.7208504676818848, 'F': -2.7208504676818848, 'E': -2.9708504676818848, 'H': -2.9708504676818848, 'I': -2.9708504676818848, 'L': -3.095850706100464, 'J': -3.2208504676818848}",G
7104,1,1,3,"[{'role': 'user', 'content': 'describer: yes\ndescriber: looks like he is standing on one leg\n'}]","{'A': -0.6670276522636414, 'D': -1.9170277118682861, 'C': -2.417027711868286, 'I': -2.792027711868286, 'B': -3.042027711868286, 'L': -3.417027711868286, 'F': -3.792027711868286, 'H': -3.917027711868286, 'K': -3.917027711868286, 'E': -4.042027473449707, 'G': -4.042027473449707, 'J': -4.917027950286865}",I
7105,1,1,4,"[{'role': 'user', 'content': 'describer: straight out behind\ndescriber: sorry\ndescriber: standing on one leg. diamond on the back\ndescriber: beak in the front\n'}]","{'L': -1.8343102931976318, 'D': -1.9593104124069214, 'K': -1.9593104124069214, 'H': -2.084310293197632, 'C': -2.459310293197632, 'A': -2.584310293197632, 'J': -2.834310293197632, 'F': -2.959310293197632, 'G': -2.959310293197632, 'I': -3.084310293197632, 'B': -3.209310293197632, 'E': -4.084310531616211}",A
7106,1,1,5,"[{'role': 'user', 'content': 'describer: sitting with leg out,  bent a bit\nmatcher: no arms out?\ndescriber: no arms\n'}]","{'F': -0.2502933144569397, 'B': -3.125293254852295, 'G': -3.250293493270874, 'E': -3.375293254852295, 'L': -3.375293254852295, 'C': -3.875293254852295, 'H': -4.250293254852295, 'A': -4.500293254852295, 'D': -4.625293254852295, 'I': -5.125293254852295, 'J': -5.500293254852295, 'K': -6.000293254852295}",F
7107,1,1,6,"[{'role': 'user', 'content': 'describer: arms raised like a ghost\n'}]","{'A': -1.8573801517486572, 'B': -1.8573801517486572, 'C': -2.1073801517486572, 'L': -2.3573801517486572, 'I': -2.4823801517486572, 'K': -2.4823801517486572, 'D': -2.6073801517486572, 'G': -2.7323801517486572, 'H': -2.8573801517486572, 'F': -3.2323801517486572, 'E': -3.3573801517486572, 'J': -3.6073801517486572}",C
7108,1,1,7,"[{'role': 'user', 'content': 'describer: diamond as head with point on top. almost a full rectangle as a body, but an indent on the bottom pointing in\ndescriber: top as a point going out on the right side\n'}]","{'J': -1.0194430351257324, 'H': -1.6444430351257324, 'L': -1.8944430351257324, 'F': -2.5194430351257324, 'K': -2.6444430351257324, 'D': -3.1444430351257324, 'I': -3.6444430351257324, 'B': -3.8944430351257324, 'G': -3.8944430351257324, 'C': -4.394443035125732, 'A': -4.769443035125732, 'E': -4.894443035125732}",J
7109,1,1,8,"[{'role': 'user', 'content': 'describer: ha, these are hard to describe!\nmatcher: yah but you are doing good\ndescriber: two triangles on top of a square for head\n'}]","{'B': -1.943184733390808, 'K': -2.0681848526000977, 'J': -2.1931846141815186, 'L': -2.1931846141815186, 'A': -2.4431848526000977, 'H': -2.4431848526000977, 'C': -2.5681846141815186, 'G': -2.5681846141815186, 'D': -2.8181846141815186, 'F': -2.9431846141815186, 'I': -3.3181846141815186, 'E': -3.6931848526000977}",E
7110,1,1,9,"[{'role': 'user', 'content': 'describer: thanks\ndescriber: zig zag body diamond on top\ndescriber: looks like an s\n'}]","{'L': -1.022949457168579, 'K': -1.147949457168579, 'H': -2.147949457168579, 'G': -3.147949457168579, 'I': -3.272949457168579, 'F': -3.647949457168579, 'J': -3.647949457168579, 'C': -3.897949457168579, 'D': -4.147949695587158, 'B': -4.397949695587158, 'A': -4.52294921875, 'E': -4.897949695587158}",L
7111,1,1,10,"[{'role': 'user', 'content': 'describer: looks like a priest in a robe\ndescriber: hands pointing left\nmatcher: like he is standing? with feet and hands pointing left?\ndescriber: yes\n'}]","{'A': -1.2045776844024658, 'D': -1.2045776844024658, 'C': -2.2045774459838867, 'B': -2.579577684402466, 'F': -2.829577684402466, 'H': -3.329577684402466, 'L': -3.454577684402466, 'G': -3.704577684402466, 'I': -3.829577684402466, 'K': -4.079577445983887, 'E': -4.329577445983887, 'J': -4.829577445983887}",D
7112,1,1,11,"[{'role': 'user', 'content': 'describer: square and triangle on top\ndescriber: small triangle on the bottom left\nmatcher: does it look like someone kneeling with their arms stretched out?\ndescriber: not really\ndescriber: you can see a small triangle on the left hand side on the bottom of the figure\n'}]","{'B': -1.6087368726730347, 'G': -1.6087368726730347, 'C': -1.8587368726730347, 'F': -1.9837368726730347, 'E': -2.358736753463745, 'A': -2.983736753463745, 'D': -3.483736753463745, 'I': -3.483736753463745, 'K': -3.483736753463745, 'L': -3.483736753463745, 'H': -3.733736753463745, 'J': -4.483736991882324}",B
7113,1,1,12,"[{'role': 'user', 'content': 'describer: looks like someone praying\ndescriber: not the s shaped one\n'}]","{'F': -1.759981393814087, 'H': -1.759981393814087, 'L': -1.759981393814087, 'D': -2.384981393814087, 'K': -2.384981393814087, 'J': -2.509981393814087, 'C': -2.759981393814087, 'G': -2.884981393814087, 'B': -3.259981393814087, 'A': -3.634981393814087, 'I': -4.134981632232666, 'E': -4.259981155395508}",K
7114,1,2,13,"[{'role': 'user', 'content': 'describer: someone sitting with their knees up\n'}]","{'F': -0.0856591984629631, 'B': -3.9606592655181885, 'G': -4.210659027099609, 'E': -4.335659027099609, 'L': -4.335659027099609, 'C': -5.335659027099609, 'H': -5.460659027099609, 'D': -5.710659027099609, 'A': -5.835659027099609, 'J': -5.960659027099609, 'I': -6.210659027099609, 'K': -6.835659027099609}",F
7115,1,2,14,"[{'role': 'user', 'content': 'describer: standing on one foot with the other pointed out towards the right\n'}]","{'A': -0.8659271001815796, 'D': -1.9909271001815796, 'C': -2.11592698097229, 'B': -2.36592698097229, 'I': -2.990927219390869, 'F': -3.240927219390869, 'L': -3.365927219390869, 'G': -3.49092698097229, 'H': -3.74092698097229, 'E': -3.865927219390869, 'K': -3.99092698097229, 'J': -4.990927219390869}",I
7116,1,2,15,"[{'role': 'user', 'content': 'describer: looks like a small mountain and a large one with a square and 2 triangles on top\n'}]","{'E': -0.5003851652145386, 'B': -2.750385284423828, 'H': -2.750385284423828, 'A': -2.875385284423828, 'I': -3.125385284423828, 'F': -3.375385284423828, 'G': -3.750385284423828, 'J': -3.750385284423828, 'L': -3.750385284423828, 'K': -3.875385284423828, 'C': -4.000385284423828, 'D': -4.000385284423828}",E
6073,1,1,1,"[{'role': 'user', 'content': 'matcher: howdy\n'}]","{'A': -1.749751091003418, 'D': -1.874751091003418, 'B': -2.249751091003418, 'C': -2.249751091003418, 'F': -2.624751091003418, 'H': -2.624751091003418, 'L': -2.624751091003418, 'I': -2.874751091003418, 'G': -2.999751091003418, 'K': -2.999751091003418, 'E': -3.124751091003418, 'J': -3.374751091003418}",H
7372,1,1,2,"[{'role': 'user', 'content': 'matcher: hi\n'}]","{'A': -1.4827414751052856, 'D': -1.4827414751052856, 'B': -2.357741594314575, 'C': -2.357741594314575, 'F': -2.670241594314575, 'H': -2.920241355895996, 'L': -2.920241355895996, 'I': -3.232741594314575, 'E': -3.357741355895996, 'J': -3.420241594314575, 'G': -3.482741594314575, 'K': -3.670241594314575}",B
5961,1,1,1,"[{'role': 'user', 'content': ""describer: hello there.  so, the image you'll want to select it looks almost like a person kneeling on the ground.\n""}]","{'F': -0.13248752057552338, 'E': -3.6324875354766846, 'B': -3.7574875354766846, 'G': -3.7574875354766846, 'L': -4.0074872970581055, 'C': -4.6324872970581055, 'H': -5.257487773895264, 'A': -5.3824872970581055, 'D': -5.5074872970581055, 'I': -5.7574872970581055, 'J': -5.8824872970581055, 'K': -6.2574872970581055}",B
5962,1,1,2,"[{'role': 'user', 'content': 'describer: this one is standing on one leg, with one leg out, almost like an elephant head.\ndescriber: the head looks like an elephant that is.\n'}]","{'A': -1.396540641784668, 'B': -1.771540641784668, 'E': -2.146540641784668, 'I': -2.271540641784668, 'C': -2.396540641784668, 'F': -2.771540641784668, 'D': -2.896540641784668, 'G': -3.021540641784668, 'L': -3.146540641784668, 'H': -3.521540641784668, 'J': -4.271540641784668, 'K': -4.271540641784668}",A
5963,1,1,3,"[{'role': 'user', 'content': ""matcher: got one!\ndescriber: this one looks like it's laying in bed, with like half a blanket on them, the rest maybe cut by scissors.\ndescriber: haha, yup!\ndescriber: this is a very rough one to describe .\nmatcher: the one with a triangle on the back?\ndescriber: i don't think so.  the head is right in the middle of it, if the entire shape was filled in, it'd look like they were in a bed.\nmatcher: count how many points are on it\nmatcher: 9?\ndescriber: i think so - just go with your gut, this one is rough for me.\n""}]","{'F': -0.24528242647647858, 'G': -2.9952824115753174, 'E': -3.1202824115753174, 'B': -3.3702824115753174, 'L': -3.3702824115753174, 'C': -4.1202826499938965, 'H': -4.4952826499938965, 'A': -4.9952826499938965, 'I': -5.1202826499938965, 'D': -5.2452826499938965, 'J': -5.620282173156738, 'K': -5.620282173156738}",J
5964,1,1,4,"[{'role': 'user', 'content': 'describer: ok, this is the tallest one kneeling down with their arms out it looks like.\n'}]","{'F': -0.6588311195373535, 'E': -2.5338311195373535, 'G': -2.5338311195373535, 'B': -2.6588311195373535, 'L': -2.6588311195373535, 'H': -3.0338311195373535, 'C': -3.2838311195373535, 'I': -3.6588311195373535, 'J': -3.9088311195373535, 'D': -4.0338311195373535, 'A': -4.1588311195373535, 'K': -4.1588311195373535}",K
5965,1,1,5,"[{'role': 'user', 'content': 'describer: this one looks like a person flying.\n'}]","{'C': -0.8557451963424683, 'B': -1.2307451963424683, 'A': -2.7307450771331787, 'D': -3.355745315551758, 'I': -3.355745315551758, 'G': -3.4807450771331787, 'K': -3.605745315551758, 'E': -3.7307450771331787, 'L': -3.7307450771331787, 'F': -3.855745315551758, 'H': -4.480745315551758, 'J': -5.105745315551758}",C
5966,1,1,6,"[{'role': 'user', 'content': ""describer: ok, not the kneeling one from last time, but the other one kneeling that's tall.\n""}]","{'F': -0.4562271237373352, 'E': -2.4562270641326904, 'L': -2.8312270641326904, 'H': -2.9562270641326904, 'B': -3.0812270641326904, 'G': -3.0812270641326904, 'C': -3.7062270641326904, 'J': -4.3312273025512695, 'A': -4.456226825714111, 'D': -4.5812273025512695, 'I': -4.5812273025512695, 'K': -5.3312273025512695}",L
5967,1,1,7,"[{'role': 'user', 'content': 'describer: the one that looks like the trix rabbit ears.  the one you thought it was when i gave that horrible bed description.\n'}]","{'B': -1.506776213645935, 'A': -2.1317763328552246, 'G': -2.3817763328552246, 'E': -2.5067760944366455, 'L': -2.5067760944366455, 'H': -2.6317763328552246, 'I': -2.6317763328552246, 'C': -2.7567763328552246, 'F': -2.8817763328552246, 'K': -2.8817763328552246, 'D': -3.2567763328552246, 'J': -3.2567763328552246}",E
5968,1,1,8,"[{'role': 'user', 'content': 'describer: ok, pretty much completely shapeless person.\nmatcher: the one with the diamond on top pointing up?\ndescriber: yeah\n'}]","{'J': -0.9281865358352661, 'L': -1.3031864166259766, 'K': -1.9281864166259766, 'H': -2.4281864166259766, 'F': -3.1781864166259766, 'G': -4.428186416625977, 'I': -4.428186416625977, 'D': -4.553186416625977, 'A': -5.178186416625977, 'B': -5.303186416625977, 'C': -5.303186416625977, 'E': -6.303186416625977}",H
5969,1,1,9,"[{'role': 'user', 'content': ""describer: bah, i'm no good at this.\nmatcher: it's hard\ndescriber: ok, so...this one is the other one with odd ears, not the previous.\ndescriber: almost like a person laying back\ndescriber: there's a square on one side, and an odd shape on the other side.\nmatcher: is the square pointing right and slightly to the bottom?\ndescriber: angled downward.  it isn't the one that looks like the guy is standing up.\n""}]","{'F': -1.0285698175430298, 'G': -1.6535698175430298, 'E': -2.1535699367523193, 'C': -2.5285696983337402, 'B': -2.6535699367523193, 'L': -2.9035696983337402, 'H': -3.1535696983337402, 'A': -3.7785699367523193, 'K': -4.02856969833374, 'D': -4.15356969833374, 'I': -4.15356969833374, 'J': -4.40356969833374}",G
5970,1,1,10,"[{'role': 'user', 'content': 'matcher: i should have went with my gut on that one\ndescriber: haha, just do that from now on, this is rough.\ndescriber: ok, so this pretty much looks like a guy sitting, his legs angled a little upward, his head looking down.\n'}]","{'F': -0.09164953976869583, 'E': -3.9666495323181152, 'G': -3.9666495323181152, 'B': -4.091649532318115, 'L': -4.466649532318115, 'C': -4.966649532318115, 'D': -5.716649532318115, 'H': -5.716649532318115, 'A': -5.841649532318115, 'I': -6.341649532318115, 'J': -6.466649532318115, 'K': -7.216649532318115}",F
5971,1,1,11,"[{'role': 'user', 'content': ""describer: balancing on one leg, one foot behind him like he's throwing a kick\nmatcher: the one with the two triangles pointing to the left?\ndescriber: yup.\n""}]","{'A': -0.9153186082839966, 'B': -1.1653186082839966, 'C': -2.415318489074707, 'I': -2.790318489074707, 'E': -3.165318489074707, 'D': -3.540318489074707, 'G': -3.665318489074707, 'F': -3.915318727493286, 'H': -5.040318489074707, 'L': -5.165318489074707, 'K': -5.915318489074707, 'J': -6.040318489074707}",I
